{"input":{"winLose":0.5011111111111111,"p4_pf_1":0.0033333333333333335,"p3_pf_1":0.0016666666666666668,"h1":0.019230769230769232,"h2":0.7115384615384616,"p1_pf_1":0,"p2_pf_1":0,"p3_pf_2":0},"output":{"chips":0.5}},,{"input":{"winLose":0.5,"p4_pf_1":0.0033333333333333335,"p3_pf_1":0.0016666666666666668,"h1":0.5961538461538461,"h2":0.7115384615384616,"p4_pf_2":0,"p1_pf_1":0,"p2_pf_1":0},"output":{"chips":0}},,{"input":{"winLose":0.4966887417218543,"p4_pf_1":0.0033333333333333335,"p3_pf_1":0.0016666666666666668,"h1":0.17307692307692307,"h2":0.5192307692307693,"p3_pf_2":0,"p4_pf_2":0,"p1_pf_1":0},"output":{"chips":0}},,{"input":{"winLose":0.5,"p4_pf_1":0.0033333333333333335,"p3_pf_1":0.0016666666666666668,"h1":0.15384615384615385,"h2":0.7884615384615384,"p2_pf_1":0,"p3_pf_2":0},"output":{"chips":0}},,{"input":{"winLose":0.5011111111111111,"p4_pf_1":0.0033333333333333335,"p3_pf_1":0.0016666666666666668,"h1":0.1346153846153846,"h2":0.19230769230769232,"p3_pf_2":0,"p1_pf_1":0,"p2_pf_1":0},"output":{"chips":0.5}},,{"input":{"winLose":0.5,"p4_pf_1":0.0033333333333333335,"p3_pf_1":0.0016666666666666668,"h1":0.2692307692307692,"h2":0.38461538461538464,"p2_pf_1":0,"p4_pf_2":0,"p1_pf_1":0},"output":{"chips":0}},,{"input":{"winLose":0.5,"p4_pf_1":0.0033333333333333335,"p3_pf_1":0.0016666666666666668,"h1":0.21153846153846154,"h2":0.4807692307692308,"p1_pf_1":0,"p3_pf_2":0},"output":{"chips":0}},,{"input":{"winLose":0.5,"p4_pf_1":0.0033333333333333335,"p3_pf_1":0.0016666666666666668,"h1":0.15384615384615385,"h2":0.8846153846153846,"p3_pf_2":0,"p4_pf_2":0,"p2_pf_1":0},"output":{"chips":0}},,{"input":{"winLose":0.5,"p4_pf_1":0.0033333333333333335,"p3_pf_1":0.0016666666666666668,"h1":0.2692307692307692,"h2":0.6730769230769231,"p1_pf_1":0,"p2_pf_1":0},"output":{"chips":0}},,{"input":{"winLose":0.49666666666666665,"p4_pf_1":0.0033333333333333335,"p3_pf_1":0.0016666666666666668,"h1":0.5576923076923077,"h2":0.8653846153846154,"p3_pf_2":0,"p4_pf_2":0,"p1_pf_1":0},"output":{"chips":0}},,{"input":{"winLose":0.5,"p4_pf_1":0.0033333333333333335,"p3_pf_1":0.0016666666666666668,"h1":0.6730769230769231,"h2":0.8461538461538461,"p2_pf_1":0,"p3_pf_2":0,"p4_pf_2":0},"output":{"chips":0}},