{"input":{"winLose":0.5,"pundefined_pf_1":0.0044444444444444444,"p3_pf_1":0.0022222222222222222,"h1":0.46153846153846156,"h2":0.7692307692307693,"p1_pf_1":0,"p2_pf_1":0},"output":{"chips":0}},,{"input":{"winLose":0.5,"pundefined_pf_1":0.0044444444444444444,"p3_pf_1":0.0022222222222222222,"h1":0.3076923076923077,"h2":0.8653846153846154,"p2_pf_1":0,"p3_pf_2":0},"output":{"chips":0}},,{"input":{"winLose":0.5,"pundefined_pf_1":0.0044444444444444444,"p3_pf_1":0.0022222222222222222,"h1":0.4807692307692308,"h2":0.8076923076923077,"p1_pf_1":0,"p3_pf_2":0},"output":{"chips":0}},,{"input":{"winLose":0.5011111111111111,"p4_pf_1":0.0033333333333333335,"p3_pf_1":0.0016666666666666668,"h1":0.25,"h2":0.36538461538461536,"p1_pf_1":0,"p2_pf_1":0,"p3_pf_2":0},"output":{}},,{"input":{"winLose":0.5,"p4_pf_1":0.0033333333333333335,"p3_pf_1":0.0016666666666666668,"h1":0.28846153846153844,"h2":0.7692307692307693,"p4_pf_2":0,"p1_pf_1":0,"p2_pf_1":0},"output":{"chips":0}},,{"input":{"winLose":0.4966887417218543,"p4_pf_1":0.0033333333333333335,"p3_pf_1":0.0016666666666666668,"h1":0.36538461538461536,"h2":0.6538461538461539,"p3_pf_2":0,"p4_pf_2":0.19533333333333333,"p1_pf_1":0},"output":{"chips":0}},,{"input":{"winLose":0.5,"p4_pf_1":0.0033333333333333335,"p3_pf_1":0.0016666666666666668,"h1":0.4423076923076923,"h2":0.8269230769230769,"p2_pf_1":0.0033333333333333335,"p3_pf_2":0,"p4_f_1":0.05333333333333334,"p2_f_1":0.05333333333333334,"p4_t_1":0.027,"p2_t_1":0.027,"p4_r_1":0.10833333333333334,"p2_r_1":0.10833333333333334},"output":{"chips":0}},,{"input":{"winLose":0.5,"p4_pf_1":0.0033333333333333335,"p3_pf_1":0.0016666666666666668,"h1":0.4230769230769231,"h2":0.8269230769230769,"p2_pf_1":0.0033333333333333335,"p3_pf_2":0,"p1_pf_1":0,"p2_f_1":0,"p2_r_1":0},"output":{"chips":0}},,{"input":{"winLose":0.49333333333333335,"p4_pf_1":0.0033333333333333335,"p3_pf_1":0.0016666666666666668,"h1":0.46153846153846156,"h2":0.6346153846153846,"p2_pf_1":0,"p4_pf_2":0,"p1_pf_1":0},"output":{"chips":0}},,{"input":{"winLose":0.4966216216216216,"p4_pf_1":0.0033333333333333335,"p3_pf_1":0.0016666666666666668,"h1":0.4807692307692308,"h2":0.9423076923076923,"p1_pf_1":0,"p3_pf_2":0},"output":{"chips":0}},,{"input":{"winLose":0.5,"p4_pf_1":0.0033333333333333335,"p3_pf_1":0.0016666666666666668,"h1":0.4230769230769231,"h2":0.6538461538461539,"p3_pf_2":0,"p4_pf_2":0,"p2_pf_1":0},"output":{"chips":0}},,{"input":{"winLose":0.5011037527593819,"p4_pf_1":0.0033333333333333335,"p3_pf_1":0.0016666666666666668,"h1":0.3269230769230769,"h2":0.6730769230769231,"p2_pf_1":0,"p3_pf_2":0,"p1_pf_1":0},"output":{"chips":0}},,{"input":{"winLose":0.5,"p4_pf_1":0.0033333333333333335,"p3_pf_1":0.0016666666666666668,"h1":0.15384615384615385,"h2":0.8461538461538461,"p1_pf_1":0,"p2_pf_1":0},"output":{"chips":0}},,{"input":{"winLose":0.4966216216216216,"p4_pf_1":0.0033333333333333335,"p3_pf_1":0.0016666666666666668,"h1":0.5769230769230769,"h2":0.7884615384615384,"p3_pf_2":0,"p4_pf_2":0,"p1_pf_1":0},"output":{"chips":0}},,{"input":{"winLose":0.5,"p4_pf_1":0.0033333333333333335,"p3_pf_1":0.0016666666666666668,"h1":0,"h2":0.75,"p2_pf_1":0,"p3_pf_2":0,"p4_pf_2":0},"output":{"chips":0}},,{"input":{"winLose":0.5011037527593819,"p4_pf_1":0.0033333333333333335,"p3_pf_1":0.0016666666666666668,"h1":0.3076923076923077,"h2":0.9038461538461539,"p1_pf_1":0,"p2_pf_1":0,"p3_pf_2":0},"output":{}},,{"input":{"winLose":0.5,"p4_pf_1":0.0033333333333333335,"p3_pf_1":0.0016666666666666668,"h1":0.6730769230769231,"h2":0.7307692307692307,"p4_pf_2":0.013166666666666667,"p1_pf_1":0,"p2_pf_1":0},"output":{"chips":0}},,{"input":{"winLose":0.4966216216216216,"p4_pf_1":0.0033333333333333335,"p3_pf_1":0.0016666666666666668,"h1":0.25,"h2":0.5384615384615384,"p3_pf_2":0,"p4_pf_2":0,"p1_pf_1":0},"output":{"chips":0}},,{"input":{"winLose":0.5,"p4_pf_1":0.0033333333333333335,"p3_pf_1":0.0016666666666666668,"h1":0.07692307692307693,"h2":0.8846153846153846,"p2_pf_1":0,"p3_pf_2":0},"output":{"chips":0}},,{"input":{"winLose":0.5011111111111111,"p4_pf_1":0.0033333333333333335,"p3_pf_1":0.0016666666666666668,"h1":0.40384615384615385,"h2":0.9423076923076923,"p3_pf_2":0,"p1_pf_1":0,"p2_pf_1":0},"output":{"chips":0}},,{"input":{"winLose":0.5,"p4_pf_1":0.0033333333333333335,"p3_pf_1":0.0016666666666666668,"h1":0.15384615384615385,"h2":0.38461538461538464,"p2_pf_1":0,"p4_pf_2":0.19533333333333333,"p1_pf_1":0},"output":{"chips":0}},,{"input":{"winLose":0.1152317880794702,"p4_pf_1":0.0033333333333333335,"p3_pf_1":0.0016666666666666668,"h1":0.15384615384615385,"h2":0.3076923076923077,"p1_pf_1":0,"p3_pf_2":0,"p4_f_1":0.05333333333333334,"p4_t_1":0.027,"p4_r_1":0.10833333333333334},"output":{"chips":0.5}},,{"input":{"winLose":0.5,"p4_pf_1":0.0033333333333333335,"p3_pf_1":0.0016666666666666668,"h1":0.2692307692307692,"h2":0.6346153846153846,"p2_pf_1":0.0033333333333333335,"p3_pf_2":0,"p4_pf_2":0,"p2_f_1":0,"p4_t_1":0,"p2_r_1":0},"output":{"chips":0}},,{"input":{"winLose":0.5008846426043878,"p4_pf_1":0.0033333333333333335,"p3_pf_1":0.0016666666666666668,"h1":0.36538461538461536,"h2":0.8653846153846154,"p2_pf_1":0,"p3_pf_2":0,"p1_pf_1":0},"output":{"chips":0}},,{"input":{"winLose":0.5,"p4_pf_1":0.0033333333333333335,"p3_pf_1":0.0016666666666666668,"h1":0.09615384615384616,"h2":0.8846153846153846,"p1_pf_1":0,"p2_pf_1":0},"output":{"chips":0}},,{"input":{"winLose":0.4860335195530726,"p4_pf_1":0.0033333333333333335,"p3_pf_1":0.0016666666666666668,"h1":0.6730769230769231,"h2":0.8461538461538461,"p3_pf_2":0,"p4_pf_2":0,"p1_pf_1":0},"output":{"chips":0}},,{"input":{"winLose":0.5,"p4_pf_1":0.0033333333333333335,"p3_pf_1":0.0016666666666666668,"h1":0.07692307692307693,"h2":0.46153846153846156,"p2_pf_1":0,"p3_pf_2":0,"p4_pf_2":0},"output":{"chips":0}},,{"input":{"winLose":0.5008846426043878,"p4_pf_1":0.0033333333333333335,"p3_pf_1":0.0016666666666666668,"h1":0.2692307692307692,"h2":0.6730769230769231,"p1_pf_1":0,"p2_pf_1":0,"p3_pf_2":0},"output":{}},,{"input":{"winLose":0.5,"p4_pf_1":0.0033333333333333335,"p3_pf_1":0.0016666666666666668,"h1":0.21153846153846154,"h2":0.9423076923076923,"p4_pf_2":0,"p1_pf_1":0,"p2_pf_1":0},"output":{"chips":0}},,{"input":{"winLose":0.4860335195530726,"p4_pf_1":0.0033333333333333335,"p3_pf_1":0.0016666666666666668,"h1":0.6538461538461539,"h2":0.8653846153846154,"p3_pf_2":0,"p4_pf_2":0,"p1_pf_1":0},"output":{"chips":0}},,{"input":{"winLose":0.5,"p4_pf_1":0.0033333333333333335,"p3_pf_1":0.0016666666666666668,"h1":0.40384615384615385,"h2":0.7692307692307693,"p2_pf_1":0,"p3_pf_2":0},"output":{"chips":0}},,{"input":{"winLose":0.5008846426043878,"p4_pf_1":0.0033333333333333335,"p3_pf_1":0.0016666666666666668,"h1":0.038461538461538464,"h2":0.1346153846153846,"p3_pf_2":0,"p1_pf_1":0,"p2_pf_1":0},"output":{"chips":1}},,{"input":{"winLose":0.5,"p4_pf_1":0.0033333333333333335,"p3_pf_1":0.0016666666666666668,"h1":0.4230769230769231,"h2":0.75,"p2_pf_1":0,"p4_pf_2":0,"p1_pf_1":0},"output":{"chips":0}},,{"input":{"winLose":0.5,"p4_pf_1":0.0033333333333333335,"p3_pf_1":0.0016666666666666668,"h1":0.19230769230769232,"h2":0.6153846153846154,"p1_pf_1":0,"p3_pf_2":0},"output":{"chips":0}},,{"input":{"winLose":0.5,"p4_pf_1":0.0033333333333333335,"p3_pf_1":0.0016666666666666668,"h1":0.3076923076923077,"h2":0.9807692307692307,"p3_pf_2":0,"p4_pf_2":0,"p2_pf_1":0},"output":{"chips":0}},,{"input":{"winLose":0.5011111111111111,"p4_pf_1":0.0033333333333333335,"p3_pf_1":0.0016666666666666668,"h1":0.038461538461538464,"h2":0.057692307692307696,"p2_pf_1":0,"p3_pf_2":0,"p1_pf_1":0},"output":{"chips":1}},,{"input":{"winLose":0.5,"p4_pf_1":0.0033333333333333335,"p3_pf_1":0.0016666666666666668,"h1":0.36538461538461536,"h2":0.75,"p1_pf_1":0,"p2_pf_1":0.0033333333333333335,"p4_f_1":0.05333333333333334,"p2_f_1":0.05333333333333334,"p4_t_1":0.027,"p2_t_1":0.027,"p4_r_1":0.10833333333333334,"p2_r_1":0.10833333333333334},"output":{"chips":0}},,{"input":{"winLose":0.4900662251655629,"p4_pf_1":0.0033333333333333335,"p3_pf_1":0.0016666666666666668,"h1":0.11538461538461539,"h2":0.28846153846153844,